name,count
ALT GR,466
PULAU PINANG,223
KETUA PENGARAN,167
PETALING JAYA,93
KETUAPENGARAH,81
KETUA PENGARAR,58
DIIMBAS DENGAN CAMSCANNER,48
BIN ABDULLAH,47
SE ONLY,40
BIN ISMAIL,36
SCANNED WITH,36
USED ONLY,36
EXCLUSIVE FOR,35
SERI KEMBANGAN,35
BATU CAVES,28
CAPS LOCK,27
SUBANG JAYA,27
BIN AHMAD,26
BINTI ABDULLAH,26
KETUA PENGARAI,25
PENDAF,25
ALOR SETAR,24
SUNGAI PETANI,22
SCR LK,21
BATU PAHAT,20
BIN OTHMAN,20
RETUA PENGARAH,20
BIN IBRAHIM,19
BIN RAMLI,18
EXCLUSIVE FOR CA,18
KAD PEN,18
XETUA PENGARAH,18
BIN ABU BAKAR,17
E ONLY,17
ISE ONLY,17
BIN ZAKARIA,16
TUKAR USED ONLY,16
EXCLUSIVE FO,15
KETUA PENGARAM,15
BINTI ISMAIL,14
BINTI OTHMAN,14
RAWANG,14
BIN NORDIN,13
BINTI MOHAMAD,13
SKUDAI,13
ULU TIRAM,13
BIN AZMAN,12
BIN AZMI,12
BIN HAMZAH,12
BIN MAZLAN,12
BIN OMAR,12
BUKIT MERTAJAM,12
METUA PENGARAH,12
PEMASTAUTIN TETAP,12
ARRO USE,11
BACKSPACE,11
BAYAN LEPAS,11
BIN ALIAS,11
BIN MOHAMAD,11
BIN SAMSUDIN,11
BINTI AHMAD,11
BINTI ROSLI,11
BINTI ZAKARIA,11
HETUA PENGARAH,11
KETUA PENGARA,11
PENDAFT,11
SED ONLY,11
SIMPANG AMPAT,11
BATU BERENDAM,10
BIN ABDUL RAHMAN,10
BIN ROSLAN,10
KETUA RENGARAH,10
NAMA MODEL,10
PUCHONG,10
TRAVELMATE,10